Title,Price
Programming in C by Kochan Stephen,5.94
Python Programming The Complete Guide To Learn Python For Data Science Ai,17.12
Practical Programming An Introduction to Computer Science Using Python,5.67
Programming Perl by Wall Larry,5.00
Silent Weapons for Quiet Wars An Introductory Programming Manual,12.44
Training the Best Dog Ever A 5Week Program Using the Power of Positive  GOOD,3.98
NeuroLinguistic Programming for Dummies by Ready Romilla Burton Kate,4.58
Arduino Programming 3 Books In 1  The Ultimate Beginners Intermediate An,32.82
The C Programming Language Still Available by Stroustrup Bjarne,5.16
Practical Programming An Introduction to Computer Science Using Python,5.67
